"id","sample","group","n_cells","logCPM_WLS"
"GSM4998457_Pulp1|Candidate_DPSC","GSM4998457_Pulp1","Candidate_DPSC",566,5.687
"GSM4998457_Pulp1|Endothelial","GSM4998457_Pulp1","Endothelial",923,4.641
"GSM4998457_Pulp1|Myeloid","GSM4998457_Pulp1","Myeloid",108,6.371
"GSM4998457_Pulp1|Pulp_fibroblast","GSM4998457_Pulp1","Pulp_fibroblast",2791,6.503
"GSM4998457_Pulp1|Schwann_glia","GSM4998457_Pulp1","Schwann_glia",350,5.754
"GSM4998458_Pulp2|B_plasma","GSM4998458_Pulp2","B_plasma",82,3.703
"GSM4998458_Pulp2|Candidate_DPSC","GSM4998458_Pulp2","Candidate_DPSC",833,5.015
"GSM4998458_Pulp2|Endothelial","GSM4998458_Pulp2","Endothelial",1878,4.177
"GSM4998458_Pulp2|Myeloid","GSM4998458_Pulp2","Myeloid",52,5.094
"GSM4998458_Pulp2|Perivascular_other","GSM4998458_Pulp2","Perivascular_other",21,6.183
"GSM4998458_Pulp2|Pulp_fibroblast","GSM4998458_Pulp2","Pulp_fibroblast",2222,6.349
"GSM4998458_Pulp2|Schwann_glia","GSM4998458_Pulp2","Schwann_glia",241,5.17
"GSM4998458_Pulp2|T_NK","GSM4998458_Pulp2","T_NK",65,4.885
"GSM4998459_Pulp3|Candidate_DPSC","GSM4998459_Pulp3","Candidate_DPSC",902,4.441
"GSM4998459_Pulp3|Endothelial","GSM4998459_Pulp3","Endothelial",1620,4.154
"GSM4998459_Pulp3|Myeloid","GSM4998459_Pulp3","Myeloid",108,6.189
"GSM4998459_Pulp3|Perivascular_other","GSM4998459_Pulp3","Perivascular_other",28,0.273
"GSM4998459_Pulp3|Pulp_fibroblast","GSM4998459_Pulp3","Pulp_fibroblast",2331,6.239
"GSM4998459_Pulp3|Schwann_glia","GSM4998459_Pulp3","Schwann_glia",201,4.202
"GSM4998459_Pulp3|T_NK","GSM4998459_Pulp3","T_NK",123,4.533
"GSM4998460_Pulp4|B_plasma","GSM4998460_Pulp4","B_plasma",22,0.273
"GSM4998460_Pulp4|Candidate_DPSC","GSM4998460_Pulp4","Candidate_DPSC",237,6.079
"GSM4998460_Pulp4|Endothelial","GSM4998460_Pulp4","Endothelial",549,4.176
"GSM4998460_Pulp4|Myeloid","GSM4998460_Pulp4","Myeloid",319,7.87
"GSM4998460_Pulp4|Pulp_fibroblast","GSM4998460_Pulp4","Pulp_fibroblast",1210,6.72
"GSM4998460_Pulp4|Schwann_glia","GSM4998460_Pulp4","Schwann_glia",763,6.812
"GSM4998460_Pulp4|T_NK","GSM4998460_Pulp4","T_NK",576,1.628
"GSM4998461_Pulp5|B_plasma","GSM4998461_Pulp5","B_plasma",40,4.423
"GSM4998461_Pulp5|Candidate_DPSC","GSM4998461_Pulp5","Candidate_DPSC",309,6.408
"GSM4998461_Pulp5|Endothelial","GSM4998461_Pulp5","Endothelial",748,4.402
"GSM4998461_Pulp5|Myeloid","GSM4998461_Pulp5","Myeloid",245,7.87
"GSM4998461_Pulp5|Pulp_fibroblast","GSM4998461_Pulp5","Pulp_fibroblast",1014,6.848
"GSM4998461_Pulp5|Schwann_glia","GSM4998461_Pulp5","Schwann_glia",745,6.396
"GSM4998461_Pulp5|T_NK","GSM4998461_Pulp5","T_NK",909,3.748
