"group","sample","n_cells","pct_pos","mean_expr"
"Myeloid","GSM4998457_Pulp1",108,22.2222222222222,0.31413135537294
"Myeloid","GSM4998458_Pulp2",52,7.69230769230769,0.145306093637323
"Myeloid","GSM4998459_Pulp3",108,7.40740740740741,0.192694568536801
"Myeloid","GSM4998460_Pulp4",319,24.7648902821317,0.515309252437982
"Myeloid","GSM4998461_Pulp5",245,20,0.402061133225298
"Pulp_fibroblast","GSM4998457_Pulp1",2791,20.6735936940165,0.295990954001355
"Pulp_fibroblast","GSM4998458_Pulp2",2222,15.3465346534653,0.278284338336052
"Pulp_fibroblast","GSM4998459_Pulp3",2331,6.26340626340626,0.16426818703658
"Pulp_fibroblast","GSM4998460_Pulp4",1210,23.9669421487603,0.354451777558423
"Pulp_fibroblast","GSM4998461_Pulp5",1014,22.5838264299803,0.353945861233228
"Schwann_glia","GSM4998457_Pulp1",350,12.8571428571429,0.179777760464353
"Schwann_glia","GSM4998458_Pulp2",241,7.05394190871369,0.126293654794744
"Schwann_glia","GSM4998459_Pulp3",201,1.49253731343284,0.0357417487909651
"Schwann_glia","GSM4998460_Pulp4",763,19.0039318479685,0.354913362600819
"Schwann_glia","GSM4998461_Pulp5",745,12.2147651006711,0.232508092736986
"Perivascular_other","GSM4998457_Pulp1",6,0,0
"Perivascular_other","GSM4998458_Pulp2",21,23.8095238095238,0.430100532433943
"Perivascular_other","GSM4998459_Pulp3",28,0,0
"Perivascular_other","GSM4998460_Pulp4",3,0,0
"Perivascular_other","GSM4998461_Pulp5",1,0,0
"Candidate_DPSC","GSM4998457_Pulp1",566,11.13074204947,0.150717663097875
"Candidate_DPSC","GSM4998458_Pulp2",833,5.40216086434574,0.102068990938828
"Candidate_DPSC","GSM4998459_Pulp3",902,1.33037694013304,0.036918188876764
"Candidate_DPSC","GSM4998460_Pulp4",237,13.0801687763713,0.195946623248262
"Candidate_DPSC","GSM4998461_Pulp5",309,16.8284789644013,0.269166922678276
"Endothelial","GSM4998457_Pulp1",923,13.5427952329361,0.110665327767915
"Endothelial","GSM4998458_Pulp2",1878,6.92225772097977,0.0747779144114289
"Endothelial","GSM4998459_Pulp3",1620,2.34567901234568,0.043357998715657
"Endothelial","GSM4998460_Pulp4",549,7.83242258652095,0.0794360481211796
"Endothelial","GSM4998461_Pulp5",748,9.09090909090909,0.0816960192321847
"B_plasma","GSM4998457_Pulp1",3,0,0
"B_plasma","GSM4998458_Pulp2",82,2.4390243902439,0.026233502442007
"B_plasma","GSM4998459_Pulp3",11,0,0
"B_plasma","GSM4998460_Pulp4",22,0,0
"B_plasma","GSM4998461_Pulp5",40,2.5,0.0756417934538156
"T_NK","GSM4998457_Pulp1",19,15.7894736842105,0.229198294645475
"T_NK","GSM4998458_Pulp2",65,6.15384615384615,0.105315840883777
"T_NK","GSM4998459_Pulp3",123,1.6260162601626,0.0437500224313441
"T_NK","GSM4998460_Pulp4",576,0.173611111111111,0.00403042064932951
"T_NK","GSM4998461_Pulp5",909,0.88008800880088,0.0177324928448685
