"cluster","n_cells","suggested","score","runner_up","margin","confidence","label"
"0",5897,"Pulp_fibroblast",0.947,"Mast",0.856,"high","Pulp_fibroblast"
"1",3700,"Pulp_fibroblast",0.779,"Mast",0.66,"high","Pulp_fibroblast"
"2",2751,"Endothelial",0.389,"Lymphatic",0.329,"high","Endothelial"
"3",2319,"Endothelial",0.48,"Odontoblast",0.489,"high","Endothelial"
"4",1518,"Perivascular_MCAM",1.029,"MSC_progenitor",0.892,"high","Perivascular_MCAM"
"5",1477,"Schwann_glia",1.558,"Erythrocyte",1.549,"high","Schwann_glia"
"6",1435,"T_NK",0.605,"Proliferating",0.441,"high","T_NK"
"7",1359,"Perivascular_MCAM",1.179,"MSC_progenitor",1.146,"high","Perivascular_MCAM"
"8",823,"Schwann_glia",1.791,"Epithelial",1.705,"high","Schwann_glia"
"9",735,"Myeloid",1.237,"Lymphatic",0.997,"high","Myeloid"
"10",648,"Endothelial",0.725,"B_plasma",0.731,"high","Endothelial"
"11",257,"T_NK",0.969,"Erythrocyte",0.946,"high","T_NK"
"12",158,"B_plasma",1.578,"Erythrocyte",1.513,"high","B_plasma"
"13",97,"Myeloid",1.999,"Lymphatic",1.316,"high","Myeloid"
"14",87,"Epithelial",1.785,"Pulp_fibroblast",1.519,"high","Epithelial"
"15",66,"Erythrocyte",7.348,"Pulp_fibroblast",7.239,"high","Erythrocyte"
