"p_val","avg_log2FC","pct.1","pct.2","p_val_adj","cluster","gene"
0,4.3191844970171,0.492,0.058,0,"0","OMD"
0,3.76657411770828,0.383,0.062,0,"0","WIF1"
0,3.51484256522914,0.443,0.089,0,"0","DAPL1"
0,3.4673669584006,0.256,0.046,0,"0","SYT1"
0,3.01826414205943,0.954,0.668,0,"0","PTN"
0,2.98993488252462,0.281,0.064,0,"0","SCIN"
0,2.95294109275886,0.473,0.13,0,"0","COCH"
0,2.86273327775053,0.641,0.222,0,"0","RARRES1"
0,2.74357775036302,0.91,0.515,0,"0","LUM"
0,2.50711178141641,0.973,0.708,0,"0","CXCL14"
0,3.42990749389393,0.303,0.024,0,"1","TMEM215"
0,3.37024487064532,0.412,0.044,0,"1","CRABP2"
0,3.28274039335154,0.614,0.072,0,"1","CA2"
0,3.18013316214825,0.649,0.076,0,"1","CP"
0,3.15847966256315,0.552,0.061,0,"1","TMEM100"
0,3.15250092066002,0.291,0.02,0,"1","RGS18"
0,3.00589643080078,0.261,0.027,0,"1","TSPAN8"
0,2.91277032148759,0.359,0.039,0,"1","ACP5"
0,2.90804285186117,0.459,0.042,0,"1","KIF5C"
0,2.84562868712114,0.362,0.041,0,"1","EPCAM"
0,5.77463334626084,0.308,0.007,0,"2","MMRN1"
0,5.27238358014952,0.381,0.014,0,"2","SELE"
0,5.1087340543039,0.551,0.035,0,"2","ACKR1"
0,4.57022649821241,0.335,0.01,0,"2","SELP"
0,4.45775685506983,0.631,0.053,0,"2","CCL14"
0,4.33075062835539,0.765,0.08,0,"2","DNASE1L3"
0,4.22045172620223,0.3,0.013,0,"2","CRTAC1"
0,3.94848502947813,0.517,0.032,0,"2","GPM6A"
0,3.3817099397357,0.257,0.02,0,"2","APLNR"
0,3.1906447735507,0.437,0.042,0,"2","IL33"
0,5.46493484123144,0.254,0.008,0,"3","ESM1"
0,5.02165833542651,0.347,0.013,0,"3","CA4"
0,4.28117690472726,0.345,0.017,0,"3","LNX1"
0,4.24959358804383,0.43,0.023,0,"3","BTNL9"
0,4.09310873386035,0.511,0.048,0,"3","KDR"
0,4.07915277806912,0.417,0.034,0,"3","FAM84A"
0,3.90031374895977,0.529,0.047,0,"3","FMO2"
0,3.89153089293476,0.417,0.038,0,"3","NOV"
0,3.8605622954611,0.422,0.043,0,"3","FAM167B"
0,3.64275750810073,0.676,0.085,0,"3","FLT1"
0,5.90295281914582,0.291,0.01,0,"4","COLEC11"
0,5.3680529719031,0.309,0.009,0,"4","ABCC9"
0,5.31523002246741,0.353,0.015,0,"4","KCNJ8"
0,5.08866777725152,0.493,0.029,0,"4","STEAP4"
0,4.94820876252339,0.494,0.028,0,"4","CPE"
0,4.32357027806498,0.468,0.059,0,"4","TPPP3"
0,4.23743684949091,0.62,0.098,0,"4","THY1"
0,4.00057479251247,0.345,0.024,0,"4","EDNRA"
0,3.97619238918105,0.285,0.043,0,"4","RASD1"
0,3.91069252296334,0.316,0.03,0,"4","CCDC102B"
0,7.26121994930569,0.605,0.007,0,"5","PTPRZ1"
0,6.58741573222505,0.67,0.019,0,"5","SCN7A"
0,6.54303979151131,0.294,0.005,0,"5","C1QL1"
0,6.46958233657589,0.483,0.014,0,"5","GFRA3"
0,5.84172427606156,0.757,0.033,0,"5","CDH19"
0,5.83826237302014,0.328,0.01,0,"5","XKR4"
0,5.65016761517308,0.481,0.016,0,"5","MYOT"
0,5.16489797596662,0.475,0.027,0,"5","SPP1"
0,5.15035426413149,0.37,0.015,0,"5","NTM"
0,5.02973906750494,0.339,0.014,0,"5","SOX10"
0,16.83774212051,0.528,0,0,"6","IL3"
0,15.9376199271818,0.727,0,0,"6","IL22"
0,15.1843831244257,0.299,0,0,"6","IL21"
0,14.4385246937819,0.97,0.001,0,"6","CSF2"
0,13.4780300974028,0.994,0.002,0,"6","IL17A"
0,13.4219732742649,0.424,0,0,"6","CCL1"
0,13.3039159942369,0.948,0.001,0,"6","IL2"
0,13.2925776946641,0.354,0,0,"6","IL17F"
0,12.8629371625638,0.305,0,0,"6","IL4"
0,12.4897417851938,0.996,0.003,0,"6","IFNG"
0,6.13412419135496,0.519,0.014,0,"7","RERGL"
0,4.77990563072083,0.658,0.062,0,"7","MYH11"
0,4.74430443301042,0.675,0.052,0,"7","SOD3"
0,4.70755084880423,0.951,0.173,0,"7","TAGLN"
0,4.5004574820789,0.426,0.035,0,"7","RCAN2"
0,4.41627072273534,0.289,0.02,0,"7","LMOD1"
0,4.34330384594279,0.884,0.146,0,"7","ACTA2"
0,4.26101132217022,0.451,0.039,0,"7","CDH6"
0,4.02449201176552,0.32,0.038,0,"7","PHLDA2"
0,3.9360988871524,0.561,0.073,0,"7","PGF"
0,7.56673058404248,0.414,0.003,0,"8","MAG"
0,7.49757771142012,0.324,0.002,0,"8","CDH7"
0,6.93795572112329,0.351,0.003,0,"8","SFRP5"
0,6.83824078243269,0.558,0.008,0,"8","NCMAP"
0,6.78796948471136,0.391,0.007,0,"8","KIF19"
0,6.72802209553337,0.441,0.005,0,"8","CLDN19"
0,6.57243298570831,0.965,0.142,0,"8","MPZ"
0,6.51673468609852,0.305,0.004,0,"8","KANK4"
0,6.50282373132267,0.65,0.011,0,"8","BCAS1"
0,6.46678586710952,0.654,0.018,0,"8","MT3"
0,8.00312606013284,0.303,0.007,0,"9","LYZ"
0,6.98109684673016,0.712,0.02,0,"9","C1QC"
0,6.86732085366312,0.684,0.019,0,"9","AIF1"
0,6.80529842840134,0.52,0.012,0,"9","FOLR2"
0,6.74104100780768,0.755,0.031,0,"9","C1QB"
0,6.71972780982762,0.669,0.019,0,"9","FCER1G"
0,6.57007833780267,0.309,0.007,0,"9","F13A1"
0,6.52579250944845,0.796,0.053,0,"9","C1QA"
0,6.42705833625657,0.376,0.009,0,"9","MS4A4A"
0,6.39013735569982,0.377,0.01,0,"9","MS4A6A"
0,6.55163321703621,0.307,0.003,0,"10","GJA5"
0,6.08014391019598,0.421,0.007,0,"10","VEGFC"
0,5.84075864989315,0.332,0.006,0,"10","TMEM178A"
0,5.70667634406086,0.488,0.01,0,"10","SEMA3G"
0,5.22813529394616,0.921,0.114,0,"10","CLDN5"
0,5.19340195460837,0.562,0.035,0,"10","EDN1"
0,4.52420931512607,0.295,0.015,0,"10","PCSK5"
0,4.20027249870245,0.423,0.05,0,"10","CXCL2"
0,4.16476269539124,0.262,0.017,0,"10","TM6SF1"
0,4.16328646788013,0.256,0.018,0,"10","BMX"
0,7.79981558930122,0.253,0.004,0,"11","KLRD1"
0,7.66092253007983,0.401,0.007,0,"11","KLRB1"
0,7.6157491050966,0.288,0.003,0,"11","LINC01871"
2.92314380855137e-212,6.51035180402356,0.319,0.021,1.31763630314261e-207,"11","GNLY"
0,6.26847143550504,0.389,0.007,0,"11","CD3G"
0,5.80659548830255,0.603,0.036,0,"11","CCL5"
0,5.72375725121367,0.576,0.021,0,"11","CD69"
1.14984971170517e-290,5.45050969632879,0.44,0.03,5.18306256048224e-286,"11","NKG7"
7.16914481084698e-291,5.24292905746663,0.3,0.013,3.23156371493738e-286,"11","CST7"
0,5.2288438599298,0.424,0.021,0,"11","CORO1A"
0,11.8390621123822,0.285,0.003,0,"12","IGLL5"
1.53967584713869e-176,10.5532518765466,0.405,0.027,6.94024284856235e-172,"12","IGHG2"
2.47409381870412e-308,10.4328684566027,0.443,0.018,1.11522252971907e-303,"12","IGHG4"
1.38974351992428e-73,10.3580885353055,0.342,0.044,6.26440789041067e-69,"12","IGLC3"
5.06640691846451e-133,10.2957881603292,0.456,0.047,2.28373358256706e-128,"12","IGHG1"
0,10.2802893879952,0.291,0.002,0,"12","IGHA2"
1.21033637893116e-236,10.2209244443796,0.443,0.025,5.45571226167012e-232,"12","IGHG3"
3.3754078500913e-110,9.98574154555302,0.329,0.029,1.52149884250716e-105,"12","IGLC2"
1.10342366382798e-241,9.9506291446665,0.487,0.029,4.97379250707101e-237,"12","JCHAIN"
0,9.2539703600771,0.487,0.003,0,"12","CD79A"
0,6.92874436205584,0.402,0.002,0,"13","ADORA3"
0,6.92055778788462,0.33,0.002,0,"13","CCDC170"
0,6.71812926261101,0.381,0.002,0,"13","LPAR5"
0,6.66104376116886,0.969,0.015,0,"13","MRC1"
0,6.6152273141725,0.546,0.004,0,"13","P2RY13"
0,6.60473504326365,0.794,0.005,0,"13","LILRB5"
0,6.53966624588501,0.423,0.002,0,"13","TLR2"
0,6.52939993350065,0.979,0.017,0,"13","LYVE1"
0,6.38367510044049,0.722,0.006,0,"13","CCR1"
0,6.36237253493066,0.732,0.006,0,"13","SIGLEC1"
0,16.3353652681381,0.264,0,0,"14","CALML3"
0,14.4176839949811,0.931,0.005,0,"14","FDCSP"
0,14.0402584482308,0.345,0,0,"14","KRT16"
0,13.8867898796429,0.471,0,0,"14","KRT6A"
0,12.6578674724771,0.563,0.001,0,"14","KRT19"
0,12.5905276626037,0.471,0,0,"14","ODAM"
0,12.0442140611999,0.586,0.001,0,"14","KRT5"
0,11.8785508115617,0.655,0.001,0,"14","SFN"
0,11.8263800675806,0.402,0.001,0,"14","LY6D"
0,11.69834984434,0.632,0,0,"14","MIR205HG"
0,10.4456833681116,0.985,0.017,0,"15","HBA1"
1.91539435706901e-296,10.2750889277161,0.985,0.047,8.63383160392426e-292,"15","HBA2"
4.55316510489075e-126,10.1543188913555,0.985,0.124,2.05238470268056e-121,"15","HBB"
4.25060085345157e-44,3.4334826068313,0.788,0.194,1.91600084070183e-39,"15","SLC25A37"
5.4108535710782e-27,3.05910230237256,0.485,0.104,2.43899635569921e-22,"15","SLC25A39"
5.30004252436121e-08,1.98797029871209,0.303,0.105,0.00238904716828106,"15","FAM210B"
4.07301701648398e-06,1.43524192228536,0.545,0.332,0.183595315035032,"15","GYPC"
0.00282290654638195,1.16634310837286,0.303,0.175,1,"15","BAG1"
