"mes_clusters","n_cells","stem_score","periv_score","main_type","THY1","NT5E","ENG","NGFR","FRZB","LEPR","PRRX1","CXCL12","candidate_DPSC"
"4",1171,0.197,1.127,"Perivascular_MCAM",65.8,0.5,21.7,2.4,68.8,2.7,32.9,7.3,TRUE
"2",1489,0.099,1.065,"Perivascular_MCAM",20.3,0.6,8.4,1.5,78.5,2.2,27.2,5.8,TRUE
"8",187,0.035,0.619,"Perivascular_MCAM",22.5,0.5,5.3,1.6,20.9,1.6,18.2,8.6,TRUE
"1",2719,-0.102,-0.148,"Pulp_fibroblast",4.9,1.7,4.7,0.6,5.8,3.6,29,13.7,FALSE
"5",1108,-0.109,-0.27,"Pulp_fibroblast",45.2,1.8,4.2,0.5,33.2,1,63.1,12.8,FALSE
"7",611,-0.11,-0.341,"Pulp_fibroblast",23.1,5.9,9.5,2.3,20.5,6.7,51.4,24.7,FALSE
"0",2823,-0.141,-0.381,"Pulp_fibroblast",2.3,4.5,6.9,0.1,10.7,6.6,36.5,27.9,FALSE
"6",1076,-0.174,-0.306,"Pulp_fibroblast",39.5,1.8,3.7,0.6,23.7,1.2,58.4,13.8,FALSE
"3",1237,-0.2,-0.149,"Pulp_fibroblast",10.6,3.1,6.5,0.2,14.6,4.3,63.2,37.1,FALSE
"9",53,-0.275,-0.379,"Pulp_fibroblast",0,1.9,5.7,0,5.7,13.2,22.6,5.7,FALSE
