"cluster","n_cells","dominant_sample","dominant_fraction","n_samples_over_5pct","flag_sample_specific","GSM4998457_Pulp1","GSM4998458_Pulp2","GSM4998459_Pulp3","GSM4998460_Pulp4","GSM4998461_Pulp5"
"0",2470,"GSM4998459_Pulp3",0.991,1,TRUE,0,21,2449,0,0
"1",2393,"GSM4998458_Pulp2",0.963,1,TRUE,0,2304,85,2,2
"2",2350,"GSM4998457_Pulp1",1,1,TRUE,2350,0,0,0,0
"3",2027,"GSM4998458_Pulp2",0.918,2,TRUE,2,1860,163,1,1
"4",1500,"GSM4998461_Pulp5",0.519,2,FALSE,1,0,2,719,778
"5",1497,"GSM4998460_Pulp4",0.567,2,FALSE,0,0,0,849,648
"6",1473,"GSM4998461_Pulp5",0.618,2,FALSE,0,0,0,563,910
"7",1466,"GSM4998459_Pulp3",0.984,1,TRUE,0,23,1443,0,0
"8",1386,"GSM4998461_Pulp5",0.572,2,FALSE,0,0,3,590,793
"9",1034,"GSM4998460_Pulp4",0.505,4,FALSE,0,66,60,522,386
"10",1025,"GSM4998457_Pulp1",0.995,1,TRUE,1020,5,0,0,0
"11",987,"GSM4998459_Pulp3",0.951,1,TRUE,1,45,939,1,1
"12",886,"GSM4998458_Pulp2",0.955,1,TRUE,0,846,40,0,0
"13",637,"GSM4998457_Pulp1",1,1,TRUE,637,0,0,0,0
"14",563,"GSM4998457_Pulp1",0.998,1,TRUE,562,1,0,0,0
"15",498,"GSM4998458_Pulp2",0.365,3,FALSE,175,182,140,1,0
"16",469,"GSM4998458_Pulp2",0.439,4,FALSE,1,206,178,27,57
"17",426,"GSM4998461_Pulp5",0.587,2,FALSE,0,1,0,175,250
"18",413,"GSM4998460_Pulp4",0.547,2,FALSE,0,0,0,226,187
"19",320,"GSM4998457_Pulp1",0.347,5,FALSE,111,44,110,30,25
"20",303,"GSM4998461_Pulp5",0.545,2,FALSE,0,1,1,136,165
"21",287,"GSM4998459_Pulp3",0.47,5,FALSE,22,79,135,22,29
"22",225,"GSM4998457_Pulp1",0.978,1,TRUE,220,5,0,0,0
"23",102,"GSM4998460_Pulp4",0.588,2,FALSE,0,0,0,60,42
"24",93,"GSM4998459_Pulp3",0.796,2,FALSE,0,12,74,3,4
"25",83,"GSM4998458_Pulp2",0.831,2,TRUE,0,69,11,1,2
"26",74,"GSM4998460_Pulp4",0.554,3,FALSE,8,1,1,41,23
"27",43,"GSM4998458_Pulp2",0.698,2,FALSE,11,30,1,1,0
