"cluster","n_cells","dominant_sample","dominant_fraction","GSM4998457_Pulp1","GSM4998458_Pulp2","GSM4998459_Pulp3","GSM4998460_Pulp4","GSM4998461_Pulp5"
"0",5897,"GSM4998459_Pulp3",0.324,1296,1812,1909,442,438
"1",3700,"GSM4998457_Pulp1",0.404,1495,410,423,777,595
"2",2751,"GSM4998458_Pulp2",0.353,441,971,819,195,325
"3",2319,"GSM4998458_Pulp2",0.311,340,721,649,284,325
"4",1518,"GSM4998458_Pulp2",0.28,312,425,389,176,216
"5",1477,"GSM4998460_Pulp4",0.417,193,77,66,616,525
"6",1435,"GSM4998461_Pulp5",0.613,0,0,0,555,880
"7",1359,"GSM4998459_Pulp3",0.397,260,429,540,55,75
"8",823,"GSM4998461_Pulp5",0.267,157,164,135,147,220
"9",735,"GSM4998460_Pulp4",0.359,108,51,108,264,204
"10",648,"GSM4998458_Pulp2",0.287,142,186,152,70,98
"11",257,"GSM4998459_Pulp3",0.479,19,65,123,21,29
"12",158,"GSM4998458_Pulp2",0.519,3,82,11,22,40
"13",97,"GSM4998460_Pulp4",0.567,0,1,0,55,41
"14",87,"GSM4998459_Pulp3",0.816,0,11,71,3,2
"15",66,"GSM4998460_Pulp4",0.53,9,1,0,35,21
